boulderchase,-1
boulderchase,-1
boulderchase,3
boulderchase,-1
boulderchase,-1
boulderchase,-1
boulderchase,-1
boulderchase,-1
boulderchase,-1
boulderchase,0
boulderchase,0
boulderchase,-1
boulderchase,-1
boulderchase,0
boulderchase,-1
boulderchase,-1
boulderchase,-1
boulderchase,-1
boulderchase,-1
boulderchase,-1
boulderchase,-1
boulderchase,-1
boulderchase,-1
boulderchase,-1
boulderchase,0
boulderchase,-1
boulderchase,-1
boulderchase,-1
boulderchase,-1
boulderchase,-1
boulderdash,3
boulderdash,3
boulderdash,3
boulderdash,0
boulderdash,0
boulderdash,0
boulderdash,3
boulderdash,0
boulderdash,0
boulderdash,3
boulderdash,0
boulderdash,0
boulderdash,0
boulderdash,3
boulderdash,0
boulderdash,0
boulderdash,0
boulderdash,0
boulderdash,3
boulderdash,3
boulderdash,3
boulderdash,4
boulderdash,3
boulderdash,0
boulderdash,3
boulderdash,3
boulderdash,3
boulderdash,3
boulderdash,3
boulderdash,0
brainman,30
brainman,10
brainman,10
brainman,30
brainman,10
brainman,10
brainman,10
brainman,30
brainman,10
brainman,10
brainman,10
brainman,10
brainman,30
brainman,10
brainman,30
brainman,30
brainman,30
brainman,10
brainman,10
brainman,30
brainman,10
brainman,10
brainman,30
brainman,10
brainman,10
brainman,10
brainman,30
brainman,10
brainman,10
brainman,30
butterflies,2
butterflies,4
butterflies,2
butterflies,4
butterflies,2
butterflies,2
butterflies,2
butterflies,2
butterflies,2
butterflies,2
butterflies,2
butterflies,2
butterflies,4
butterflies,2
butterflies,2
butterflies,2
butterflies,4
butterflies,2
butterflies,2
butterflies,2
butterflies,2
butterflies,2
butterflies,4
butterflies,4
butterflies,4
butterflies,2
butterflies,2
butterflies,2
butterflies,2
butterflies,2
cakybaky,6
cakybaky,1
cakybaky,3
cakybaky,3
cakybaky,3
cakybaky,3
cakybaky,3
cakybaky,3
cakybaky,3
cakybaky,1
cakybaky,3
cakybaky,3
cakybaky,5
cakybaky,3
cakybaky,3
cakybaky,3
cakybaky,3
cakybaky,6
cakybaky,3
cakybaky,3
cakybaky,3
cakybaky,3
cakybaky,3
cakybaky,3
cakybaky,3
cakybaky,3
cakybaky,2
cakybaky,1
cakybaky,4
cakybaky,3
camelRace,1
camelRace,1
camelRace,1
camelRace,1
camelRace,1
camelRace,1
camelRace,1
camelRace,1
camelRace,1
camelRace,1
camelRace,1
camelRace,1
camelRace,1
camelRace,1
camelRace,1
camelRace,1
camelRace,1
camelRace,1
camelRace,1
camelRace,1
camelRace,1
camelRace,1
camelRace,1
camelRace,1
camelRace,1
camelRace,1
camelRace,1
camelRace,1
camelRace,1
camelRace,1
catapults,1
catapults,1
catapults,1
catapults,1
catapults,1
catapults,1
catapults,1
catapults,1
catapults,1
catapults,1
catapults,1
catapults,1
catapults,1
catapults,1
catapults,1
catapults,1
catapults,1
catapults,1
catapults,1
catapults,1
catapults,1
catapults,1
catapults,1
catapults,1
catapults,1
catapults,1
catapults,1
catapults,1
catapults,1
catapults,1
chainreaction,0
chainreaction,2
chainreaction,0
chainreaction,0
chainreaction,0
chainreaction,2
chainreaction,0
chainreaction,0
chainreaction,0
chainreaction,0
chainreaction,0
chainreaction,0
chainreaction,0
chainreaction,0
chainreaction,0
chainreaction,0
chainreaction,0
chainreaction,0
chainreaction,0
chainreaction,0
chainreaction,0
chainreaction,0
chainreaction,0
chainreaction,0
chainreaction,0
chainreaction,0
chainreaction,0
chainreaction,2
chainreaction,0
chainreaction,0
chase,2
chase,2
chase,3
chase,2
chase,2
chase,2
chase,3
chase,2
chase,2
chase,2
chase,2
chase,2
chase,2
chase,2
chase,3
chase,3
chase,3
chase,2
chase,2
chase,3
chase,3
chase,3
chase,3
chase,2
chase,2
chase,3
chase,3
chase,2
chase,3
chase,2
chipschallenge,5
chipschallenge,5
chipschallenge,5
chipschallenge,5
chipschallenge,5
chipschallenge,5
chipschallenge,5
chipschallenge,5
chipschallenge,5
chipschallenge,5
chipschallenge,5
chipschallenge,5
chipschallenge,5
chipschallenge,5
chipschallenge,5
chipschallenge,5
chipschallenge,5
chipschallenge,5
chipschallenge,5
chipschallenge,5
chipschallenge,5
chipschallenge,5
chipschallenge,5
chipschallenge,5
chipschallenge,5
chipschallenge,5
chipschallenge,5
chipschallenge,5
chipschallenge,5
chipschallenge,5
